{
  "generator-jhipster": {
    "jhipsterVersion": "3.12.2",
    "baseName": "saude21pontos",
    "packageName": "br.com.rockage",
    "packageFolder": "br/com/rockage",
    "serverPort": "8080",
    "authenticationType": "jwt",
    "hibernateCache": "ehcache",
    "clusteredHttpSession": false,
    "websocket": "spring-websocket",
    "databaseType": "sql",
    "devDatabaseType": "h2Disk",
    "prodDatabaseType": "mysql",
    "searchEngine": "elasticsearch",
    "messageBroker": false,
    "buildTool": "maven",
    "enableSocialSignIn": true,
    "jwtSecretKey": "8eb636004a10902d328c717f2101dcd3ab7eeb3e",
    "useSass": true,
    "applicationType": "monolith",
    "testFrameworks": [
      "gatling",
      "protractor"
    ],
    "jhiPrefix": "jhi",
    "enableTranslation": true,
    "nativeLanguage": "pt-br",
    "languages": [
      "pt-br",
      "en"
    ],
    "herokuAppName": "saude-21-pontos",
    "appsFolders": [
      "saude21pontos"
    ],
    "directoryPath": "../",
    "monitoring": "prometheus",
    "serviceDiscoveryType": "eureka"
  }
}