<?xml version="1.0" encoding="utf-8"?>
<databaseChangeLog
    xmlns="http://www.liquibase.org/xml/ns/dbchangelog"
    xmlns:xsi="http://www.w3.org/2001/XMLSchema-instance"
    xsi:schemaLocation="http://www.liquibase.org/xml/ns/dbchangelog http://www.liquibase.org/xml/ns/dbchangelog/dbchangelog-3.4.xsd">

    <include file="classpath:config/liquibase/changelog/00000000000000_initial_schema.xml" relativeToChangelogFile="false"/>
    <include file="classpath:config/liquibase/changelog/20170110111808_added_entity_UserProfile.xml" relativeToChangelogFile="false"/>
    <include file="classpath:config/liquibase/changelog/20170110111809_added_entity_Points.xml" relativeToChangelogFile="false"/>
    <include file="classpath:config/liquibase/changelog/20170110111810_added_entity_Weight.xml" relativeToChangelogFile="false"/>
    <include file="classpath:config/liquibase/changelog/20170110111811_added_entity_UserSettings.xml" relativeToChangelogFile="false"/>
    <include file="classpath:config/liquibase/changelog/20170110111812_added_entity_BloodPressure.xml" relativeToChangelogFile="false"/>
    <!-- jhipster-needle-liquibase-add-changelog - JHipster will add liquibase changelogs here -->
    <include file="classpath:config/liquibase/changelog/20170110111808_added_entity_constraints_UserProfile.xml" relativeToChangelogFile="false"/>
    <include file="classpath:config/liquibase/changelog/20170110111809_added_entity_constraints_Points.xml" relativeToChangelogFile="false"/>
    <include file="classpath:config/liquibase/changelog/20170110111810_added_entity_constraints_Weight.xml" relativeToChangelogFile="false"/>
    <include file="classpath:config/liquibase/changelog/20170110111811_added_entity_constraints_UserSettings.xml" relativeToChangelogFile="false"/>
    <include file="classpath:config/liquibase/changelog/20170110111812_added_entity_constraints_BloodPressure.xml" relativeToChangelogFile="false"/>
    <!-- jhipster-needle-liquibase-add-constraints-changelog - JHipster will add liquibase constraints changelogs here -->
</databaseChangeLog>
