<assembly
	xmlns="http://maven.apache.org/plugins/maven-assembly-plugin/assembly/1.1.0"
	xmlns:xsi="http://www.w3.org/2001/XMLSchema-instance"
	xsi:schemaLocation="http://maven.apache.org/plugins/maven-assembly-plugin/assembly/1.1.0 http://maven.apache.org/xsd/assembly-1.1.0.xsd">
	<id>27scj-framework-jasper-dependencias-27scj-framework-jasper-sources</id>
	<formats>
		<format>jar</format>
	</formats>
	<includeBaseDirectory>false</includeBaseDirectory>
	<fileSets>
		<fileSet>
			<directory>${project.basedir}</directory>
			<includes>
				<include>README*</include>
				<include>LICENSE*</include>
				<include>NOTICE*</include>
				<include>pom.xml</include>
			</includes>
			<useDefaultExcludes>true</useDefaultExcludes>
		</fileSet>
		<fileSet>
			<!--
				TODO: use expresssions instead: ${project.build.sourceDirectory},
				etc
			-->
			<directory>${project.basedir}/src</directory>
			<useDefaultExcludes>true</useDefaultExcludes>
		</fileSet>
		<fileSet>
			<directory>../Utilix/src</directory>
			<useDefaultExcludes>true</useDefaultExcludes>
			<outputDirectory>/src</outputDirectory>
		</fileSet>
		<fileSet>
			<directory>../Vallia/src</directory>
			<useDefaultExcludes>true</useDefaultExcludes>
			<outputDirectory>/src</outputDirectory>
		</fileSet>
		<fileSet>
			<directory>../Domkee/src</directory>
			<useDefaultExcludes>true</useDefaultExcludes>
			<outputDirectory>/src</outputDirectory>
		</fileSet>
	</fileSets>
</assembly>