<?xml version="1.0" encoding="utf-8"?>
<databaseChangeLog
    xmlns="http://www.liquibase.org/xml/ns/dbchangelog"
    xmlns:ext="http://www.liquibase.org/xml/ns/dbchangelog-ext"
    xmlns:xsi="http://www.w3.org/2001/XMLSchema-instance"
    xsi:schemaLocation="http://www.liquibase.org/xml/ns/dbchangelog http://www.liquibase.org/xml/ns/dbchangelog/dbchangelog-3.4.xsd
                        http://www.liquibase.org/xml/ns/dbchangelog-ext http://www.liquibase.org/xml/ns/dbchangelog/dbchangelog-ext.xsd">

    <property name="now" value="now()" dbms="mysql,h2"/>
    <property name="now" value="current_timestamp" dbms="postgresql"/>
    <property name="now" value="sysdate" dbms="oracle"/>
    <property name="now" value="GETDATE()" dbms="mssql"/>

    <property name="autoIncrement" value="true" dbms="mysql,h2,postgresql,oracle,mssql"/>

    <property name="floatType" value="float4" dbms="postgresql, h2"/>
    <property name="floatType" value="float" dbms="mysql, oracle, mssql"/>

    <!--
        Added the entity UserProfile.
    -->
    <changeSet id="20170110111808-1" author="jhipster">
        <createTable tableName="user_profile">
            <column name="id" type="bigint" autoIncrement="${autoIncrement}">
                <constraints primaryKey="true" nullable="false"/>
            </column>
            <column name="nickname" type="varchar(255)">
                <constraints nullable="true" />
            </column>
            
            <column name="photo" type="varchar(255)">
                <constraints nullable="true" />
            </column>
            
            <column name="birthday" type="date">
                <constraints nullable="true" />
            </column>
            
            <column name="country" type="varchar(255)">
                <constraints nullable="true" />
            </column>
                        <column name="user_id" type="bigint">
                <constraints unique="true" nullable="true" />
            </column>
            <!-- jhipster-needle-liquibase-add-column - JHipster will add columns here, do not remove-->
        </createTable>
        
    </changeSet>
</databaseChangeLog>
