{
    "fluentMethods": true,
    "relationships": [
        {
            "relationshipType": "many-to-one",
            "relationshipName": "user",
            "otherEntityName": "user",
            "otherEntityField": "id"
        }
    ],
    "fields": [
        {
            "fieldName": "day",
            "fieldType": "LocalDate",
            "fieldValidateRules": [
                "required"
            ]
        },
        {
            "fieldName": "systolic",
            "fieldType": "Integer",
            "fieldValidateRules": [
                "required"
            ]
        },
        {
            "fieldName": "diastolic",
            "fieldType": "Integer",
            "fieldValidateRules": [
                "required"
            ]
        }
    ],
    "changelogDate": "20170110111812",
    "entityTableName": "blood_pressure",
    "dto": "no",
    "pagination": "pagination",
    "service": "serviceImpl"
}