{
    "fluentMethods": true,
    "relationships": [
        {
            "relationshipType": "many-to-one",
            "relationshipName": "userProfile",
            "otherEntityName": "user",
            "otherEntityField": "id"
        }
    ],
    "fields": [
        {
            "fieldName": "date",
            "fieldType": "LocalDate",
            "fieldValidateRules": [
                "required"
            ]
        },
        {
            "fieldName": "exercise",
            "fieldType": "Integer"
        },
        {
            "fieldName": "meals",
            "fieldType": "Integer"
        },
        {
            "fieldName": "alcohol",
            "fieldType": "Integer"
        },
        {
            "fieldName": "notes",
            "fieldType": "String"
        }
    ],
    "changelogDate": "20170110111809",
    "entityTableName": "points",
    "dto": "no",
    "pagination": "pagination",
    "service": "serviceImpl"
}