{
    "fluentMethods": true,
    "relationships": [
        {
            "relationshipType": "one-to-one",
            "relationshipName": "userProfile",
            "otherEntityName": "userProfile",
            "otherEntityField": "id",
            "ownerSide": true,
            "otherEntityRelationshipName": "userSettings"
        },
        {
            "relationshipName": "user",
            "otherEntityName": "user",
            "relationshipType": "one-to-one",
            "otherEntityField": "id",
            "ownerSide": true,
            "otherEntityRelationshipName": "userSettings"
        }
    ],
    "fields": [
        {
            "fieldName": "weeklyGoal",
            "fieldType": "Integer",
            "fieldValidateRules": [
                "required",
                "min",
                "max"
            ],
            "fieldValidateRulesMin": 10,
            "fieldValidateRulesMax": 21
        },
        {
            "fieldName": "weightUnits",
            "fieldType": "Units",
            "fieldValues": "KG,POUNDS",
            "fieldValidateRules": [
                "required"
            ]
        },
        {
            "fieldName": "measureWeight",
            "fieldType": "Boolean"
        },
        {
            "fieldName": "measureBloodPressure",
            "fieldType": "Boolean"
        }
    ],
    "changelogDate": "20170110111811",
    "dto": "no",
    "service": "serviceImpl",
    "entityTableName": "user_settings",
    "pagination": "infinite-scroll"
}
