{
    "fluentMethods": true,
    "relationships": [
        {
            "relationshipType": "one-to-one",
            "relationshipName": "user",
            "otherEntityName": "user",
            "otherEntityField": "id",
            "ownerSide": true,
            "otherEntityRelationshipName": "userProfile"
        },
        {
            "relationshipType": "one-to-one",
            "relationshipName": "userSettings",
            "otherEntityName": "userSettings",
            "ownerSide": false,
            "otherEntityRelationshipName": "userProfile"
        }
    ],
    "fields": [
        {
            "fieldName": "nickname",
            "fieldType": "String"
        },
        {
            "fieldName": "photo",
            "fieldType": "String"
        },
        {
            "fieldName": "birthday",
            "fieldType": "LocalDate"
        },
        {
            "fieldName": "country",
            "fieldType": "String"
        }
    ],
    "changelogDate": "20170110111808",
    "entityTableName": "user_profile",
    "dto": "no",
    "pagination": "pagination",
    "service": "serviceImpl"
}